,MaxEStateIndex,MinEStateIndex,MaxAbsEStateIndex,MinAbsEStateIndex,qed,MolWt,HeavyAtomMolWt,ExactMolWt,NumValenceElectrons,MaxPartialCharge,MinPartialCharge,MaxAbsPartialCharge,MinAbsPartialCharge,FpDensityMorgan1,FpDensityMorgan2,FpDensityMorgan3,FractionCSP3,HeavyAtomCount,NHOHCount,NOCount,NumAliphaticCarbocycles,NumAliphaticHeterocycles,NumAliphaticRings,NumAromaticCarbocycles,NumAromaticHeterocycles,NumAromaticRings,NumHAcceptors,NumHDonors,NumHeteroatoms,NumRotatableBonds,NumSaturatedCarbocycles,NumSaturatedHeterocycles,NumSaturatedRings,RingCount,MolLogP,MolMR
sample_1,7.506944444,1.180555556,7.506944444,1.180555556,0.372551159,53.064,50.04,53.0265491,20,0.090531375,-0.193121261,0.193121261,0.090531375,2,2.25,2.25,0,4,0,1,0,0,0,0,0,0,1,0,1,0,0,0,0,0,0.69598,15.81
sample_2,9.055555556,0.638888889,9.055555556,0.638888889,0.313131264,56.064,52.032,56.02621475,22,0.141745822,-0.29858709,0.29858709,0.141745822,1.75,2,2,0,4,0,1,0,0,0,0,0,0,1,0,1,1,0,0,0,0,0.3713,16.261
sample_3,9.25,-0.981481481,9.25,0.833333333,0.45085806,72.063,68.031,72.02112937,28,0.327198112,-0.478089149,0.478089149,0.327198112,2,2.2,2.2,0,5,1,2,0,0,0,0,0,0,1,1,2,1,0,0,0,0,0.257,17.8328
sample_4,5.067901235,0.555555556,5.067901235,0.555555556,0.327275949,76.526,71.486,76.00797784,24,0.040106491,-0.122219648,0.122219648,0.040106491,2,2.25,2.25,0.333333333,4,0,0,0,0,0,0,0,0,0,0,1,1,0,0,0,0,1.4112,20.917
sample_5,3.361111111,1.75,3.361111111,1.75,0.357068817,42.081,36.033,42.04695019,18,-0.04725981,-0.103361251,0.103361251,0.04725981,2,2,2,0.333333333,3,0,0,0,0,0,0,0,0,0,0,0,0,0,0,0,0,1.1923,15.871
sample_6,5.191358025,0.617283951,5.191358025,0.617283951,0.449521376,110.971,106.939,109.9690055,30,0.026234895,-0.091711558,0.091711558,0.026234895,1.8,2,2,0.333333333,5,0,0,0,0,0,0,0,0,0,0,2,0,0,0,0,0,2.3253,25.463
sample_7,7.756944444,0.083333333,7.756944444,0.083333333,0.425825651,58.08,52.032,58.04186481,24,0.060931221,-0.392317809,0.392317809,0.060931221,2,2.25,2.25,0.333333333,4,1,1,0,0,0,0,0,0,1,1,1,1,0,0,0,0,0.1647,17.2828
sample_8,4.305555556,1.375,4.305555556,1.375,0.404627657,58.08,52.032,58.04186481,24,0.076568045,-0.504985275,0.504985275,0.076568045,2,2.25,2.25,0.333333333,4,0,1,0,0,0,0,0,0,1,0,1,1,0,0,0,0,0.7763,17.206
sample_9,9.173611111,0.638888889,9.173611111,0.638888889,0.403259903,58.08,52.032,58.04186481,24,0.119214944,-0.303414233,0.303414233,0.119214944,2,2.25,2.25,0.666666667,4,0,1,0,0,0,0,0,0,1,0,1,1,0,0,0,0,0.5953,16.355
sample_10,9.256944444,-0.99537037,9.256944444,0.111111111,0.405179006,73.071,68.031,73.02950298,30,0.041108964,-0.550182865,0.550182865,0.041108964,2,2.2,2.2,0.666666667,5,0,2,0,0,0,0,0,0,2,0,2,1,0,0,0,0,-0.8537,15.298
sample_11,9.256944444,-0.99537037,9.256944444,0.111111111,0.405179006,73.071,68.031,73.02950298,30,0.041108964,-0.550182865,0.550182865,0.041108964,2,2.2,2.2,0.666666667,5,0,2,0,0,0,0,0,0,2,0,2,1,0,0,0,0,-0.8537,15.298
sample_12,9.368055556,-0.74537037,9.368055556,0.222222222,0.490844666,74.079,68.031,74.03677943,30,0.302558437,-0.481237917,0.481237917,0.302558437,2,2.2,2.2,0.666666667,5,1,2,0,0,0,0,0,0,1,1,2,1,0,0,0,0,0.481,17.9268
sample_13,3.248263889,1.131944444,3.248263889,1.131944444,0.465988151,122.993,115.937,121.9731123,26,0.002862797,-0.09281865,0.09281865,0.002862797,1.75,2,2,1,4,0,0,0,0,0,0,0,0,0,0,1,1,0,0,0,0,1.7913,24.085
sample_14,5.274691358,0.305555556,5.274691358,0.305555556,0.386541834,78.542,71.486,78.0236279,26,0.027912831,-0.123611771,0.123611771,0.027912831,1.5,1.5,1.5,1,4,0,0,0,0,0,0,0,0,0,0,1,0,0,0,0,0,1.6336,20.989
sample_15,5.18595679,0.791666667,5.18595679,0.791666667,0.418436036,78.542,71.486,78.0236279,26,0.022033046,-0.126727887,0.126727887,0.022033046,1.75,2,2,1,4,0,0,0,0,0,0,0,0,0,0,1,1,0,0,0,0,1.6352,21.011
sample_16,4.909722222,0.583333333,4.909722222,0.583333333,0.425240303,57.096,50.04,57.05784922,24,0.010374434,-0.327052285,0.327052285,0.010374434,2,2.25,2.25,0.333333333,4,2,1,0,0,0,0,0,0,1,1,1,1,0,0,0,0,0.1311,19.2514
sample_17,2.125,1.25,2.125,1.25,0.385470659,44.097,36.033,44.06260026,20,-0.059038364,-0.065645441,0.065645441,0.059038364,1.333333333,1.333333333,1.333333333,1,3,0,0,0,0,0,0,0,0,0,0,0,0,0,0,0,0,1.4163,15.965
sample_18,4.541666667,0.819444444,4.541666667,0.819444444,0.431500998,60.096,52.032,60.05751488,26,0.043345389,-0.384976893,0.384976893,0.043345389,1.75,2,2,1,4,0,1,0,0,0,0,0,0,1,0,1,1,0,0,0,0,0.6527,17.55
sample_19,7.875,0.319444444,7.875,0.319444444,0.463783983,60.096,52.032,60.05751488,26,0.04278928,-0.396387351,0.396387351,0.04278928,1.75,2,2,1,4,1,1,0,0,0,0,0,0,1,1,1,1,0,0,0,0,0.3887,17.3768
sample_20,4.46875,0.388888889,4.46875,0.388888889,0.438396252,76.095,68.031,76.0524295,32,0.145448324,-0.358682481,0.358682481,0.145448324,1.2,1.6,1.6,1,5,0,2,0,0,0,0,0,0,2,0,2,2,0,0,0,0,0.2367,18.885
sample_21,8.111111111,-0.560185185,8.111111111,0.138888889,0.435834997,76.095,68.031,76.0524295,32,0.074238644,-0.393700042,0.393700042,0.074238644,1.8,2,2,1,5,2,2,0,0,0,0,0,0,2,2,2,1,0,0,0,0,-0.6405,18.7666
sample_22,5.111111111,0.333333333,5.111111111,0.333333333,0.427929947,59.112,50.04,59.07349929,26,-0.001792424,-0.328262981,0.328262981,0.001792424,1.5,1.5,1.5,1,4,2,1,0,0,0,0,0,0,1,1,1,0,0,0,0,0,0.3535,19.3234
sample_23,5.027777778,0.819444444,5.027777778,0.819444444,0.463270918,59.112,50.04,59.07349929,26,-0.007990569,-0.330483922,0.330483922,0.007990569,1.75,2,2,1,4,2,1,0,0,0,0,0,0,1,1,1,1,0,0,0,0,0.3551,19.3454
sample_24,2,2,2,2,0.384462781,59.112,50.04,59.07349929,26,-0.01400105,-0.312431966,0.312431966,0.01400105,1,1,1,1,4,0,1,0,0,0,0,0,0,1,0,1,0,0,0,0,0,0.1778,19.611
sample_25,3.361111111,1.638888889,3.361111111,1.638888889,0.396333969,54.092,48.044,54.04695019,22,-0.070082308,-0.099086737,0.099086737,0.070082308,1,1.25,1.25,0,4,0,0,0,0,0,0,0,0,0,0,0,1,0,0,0,0,1.3584,20.394
sample_26,4.361111111,1.3125,4.361111111,1.3125,0.444662631,70.091,64.043,70.04186481,28,0.082880435,-0.473880344,0.473880344,0.082880435,1.2,1.6,1.6,0,5,0,1,0,0,0,0,0,0,1,0,1,2,0,0,0,0,1.29,21.479
sample_27,9.405092593,0.574074074,9.405092593,0.574074074,0.328596256,70.091,64.043,70.04186481,28,0.144647466,-0.298291391,0.298291391,0.144647466,2,2.2,2.2,0.25,5,0,1,0,0,0,0,0,0,1,0,1,1,0,0,0,0,0.7614,20.878
sample_28,9.840277778,-0.393518519,9.840277778,0.393518519,0.339628251,86.09,80.042,86.03677943,34,0.329362027,-0.465866582,0.465866582,0.329362027,2,2.5,2.5,0.25,6,0,2,0,0,0,0,0,0,2,0,2,1,0,0,0,0,0.3454,22.213
sample_29,9.750277778,-0.328703704,9.750277778,0.328703704,0.346443425,86.09,80.042,86.03677943,34,0.306915205,-0.435323432,0.435323432,0.306915205,2,2.5,2.5,0.25,6,0,2,0,0,0,0,0,0,2,0,2,1,0,0,0,0,0.693,21.963
sample_30,7.81625,0.694444444,7.81625,0.694444444,0.45506988,69.107,62.051,69.05784922,28,0.062113743,-0.198347574,0.198347574,0.062113743,1.8,2.4,2.4,0.75,5,0,1,0,0,0,0,0,0,1,0,1,1,0,0,0,0,1.31008,20.521
sample_31,3.479166667,1.083333333,3.479166667,1.083333333,0.399986689,56.108,48.044,56.06260026,24,-0.038200394,-0.103093227,0.103093227,0.038200394,2,2.25,2.25,0.5,4,0,0,0,0,0,0,0,0,0,0,0,1,0,0,0,0,1.5824,20.488
sample_32,2,2,2,2,0.369511069,56.108,48.044,56.06260026,24,-0.047001923,-0.091942112,0.091942112,0.047001923,1,1.25,1.25,0.5,4,0,0,0,0,0,0,0,0,0,0,0,0,0,0,0,0,1.5824,20.488
sample_33,2,2,2,2,0.369511069,56.108,48.044,56.06260026,24,-0.047001923,-0.091942112,0.091942112,0.047001923,1,1.25,1.25,0.5,4,0,0,0,0,0,0,0,0,0,0,0,0,0,0,0,0,1.5824,20.488
sample_34,3.555555556,1.166666667,3.555555556,1.166666667,0.369511069,56.108,48.044,56.06260026,24,-0.044481419,-0.100419849,0.100419849,0.044481419,1.5,1.5,1.5,0.5,4,0,0,0,0,0,0,0,0,0,0,0,0,0,0,0,0,1.5824,20.488
sample_35,9.404861111,0.708333333,9.404861111,0.708333333,0.444345048,72.107,64.043,72.05751488,30,0.119479781,-0.303403097,0.303403097,0.119479781,1.8,2.4,2.4,0.75,5,0,1,0,0,0,0,0,0,1,0,1,2,0,0,0,0,0.9854,20.972
sample_36,9.50462963,0.203703704,9.50462963,0.203703704,0.41938248,72.107,64.043,72.05751488,30,0.122016012,-0.303111964,0.303111964,0.122016012,1.6,1.8,1.8,0.75,5,0,1,0,0,0,0,0,0,1,0,1,1,0,0,0,0,0.8413,20.902
sample_37,9.8125,0.25462963,9.8125,0.25462963,0.451050805,72.107,64.043,72.05751488,30,0.129065033,-0.300042385,0.300042385,0.129065033,1.8,2,2,0.75,5,0,1,0,0,0,0,0,0,1,0,1,1,0,0,0,0,0.9854,20.972
sample_38,4.944444444,1,4.944444444,1,0.410937601,72.107,64.043,72.05751488,30,0.04663817,-0.381449382,0.381449382,0.04663817,1,1.6,1.8,1,5,0,1,0,1,1,0,0,0,1,0,1,0,0,1,1,1,0.7968,20.053
sample_39,9.599305556,-0.710648148,9.599305556,0.291666667,0.543440747,88.106,80.042,88.0524295,36,0.302828937,-0.481230516,0.481230516,0.302828937,1.833333333,2.333333333,2.333333333,0.75,6,1,2,0,0,0,0,0,0,1,1,2,2,0,0,0,0,0.8711,22.5438
sample_40,9.821527778,-0.210648148,9.821527778,0.210648148,0.437850878,88.106,80.042,88.0524295,36,0.302112778,-0.46617189,0.46617189,0.302112778,1.833333333,2.333333333,2.333333333,0.75,6,0,2,0,0,0,0,0,0,2,0,2,1,0,0,0,0,0.5694,22.307
sample_41,9.699074074,-0.740740741,9.699074074,0.231481481,0.512604011,88.106,80.042,88.0524295,36,0.30542353,-0.48104159,0.48104159,0.30542353,1.666666667,1.833333333,1.833333333,0.75,6,1,2,0,0,0,0,0,0,1,1,2,1,0,0,0,0,0.727,22.4738
sample_42,9.958333333,-0.157407407,9.958333333,0.157407407,0.437850878,88.106,80.042,88.0524295,36,0.304720731,-0.46900295,0.46900295,0.304720731,1.833333333,2.333333333,2.333333333,0.75,6,0,2,0,0,0,0,0,0,2,0,2,1,0,0,0,0,0.5694,22.307
sample_43,9.341527778,0.461805556,9.341527778,0.461805556,0.372122915,88.106,80.042,88.0524295,36,0.292575348,-0.467912039,0.467912039,0.292575348,1.833333333,2.5,2.666666667,0.75,6,0,2,0,0,0,0,0,0,2,0,2,3,0,0,0,0,0.5694,22.307
sample_44,3.309513889,1.15625,3.309513889,1.15625,0.51138212,137.02,127.948,135.9887624,32,0.003115223,-0.092807985,0.092807985,0.003115223,1.6,2.2,2.2,1,5,0,0,0,0,0,0,0,0,0,0,1,2,0,0,0,0,2.1814,28.702
sample_45,5.301651235,0.815972222,5.301651235,0.815972222,0.457450189,92.569,83.497,92.03927797,32,0.022285485,-0.126717152,0.126717152,0.022285485,1.6,2.2,2.2,1,5,0,0,0,0,0,0,0,0,0,0,1,2,0,0,0,0,2.0253,25.628
sample_46,2.180555556,1.319444444,2.180555556,1.319444444,0.431024358,58.124,48.044,58.07825032,26,-0.05643437,-0.065392443,0.065392443,0.05643437,1,1.25,1.25,1,4,0,0,0,0,0,0,0,0,0,0,0,1,0,0,0,0,1.8064,20.582
sample_47,2.166666667,0.833333333,2.166666667,0.833333333,0.397118004,58.124,48.044,58.07825032,26,-0.049986081,-0.063037254,0.063037254,0.049986081,1,1,1,1,4,0,0,0,0,0,0,0,0,0,0,0,0,0,0,0,0,1.6623,20.512
sample_48,8.06625,0.34375,8.06625,0.34375,0.512821799,74.123,64.043,74.07316494,32,0.043042283,-0.396376752,0.396376752,0.043042283,1.6,2.2,2.2,1,5,1,1,0,0,0,0,0,0,1,1,1,2,0,0,0,0,0.7788,21.9938
sample_49,8.361111111,-0.115740741,8.361111111,0.115740741,0.486927429,74.123,64.043,74.07316494,32,0.050903904,-0.393430087,0.393430087,0.050903904,1.8,2,2,1,5,1,1,0,0,0,0,0,0,1,1,1,1,0,0,0,0,0.7772,21.9718
sample_50,8.520833333,-0.5,8.520833333,0.5,0.449827657,74.123,64.043,74.07316494,32,0.056325853,-0.390760088,0.390760088,0.056325853,1.2,1.2,1.2,1,5,1,1,0,0,0,0,0,0,1,1,1,0,0,0,0,0,0.7772,21.9718
sample_51,4.833333333,0.84375,4.833333333,0.84375,0.475268149,74.123,64.043,74.07316494,32,0.043708413,-0.382025836,0.382025836,0.043708413,1.2,1.6,1.6,1,5,0,1,0,0,0,0,0,0,1,0,1,2,0,0,0,0,1.0428,22.167
sample_52,8.143518519,0.305555556,8.143518519,0.305555556,0.483480244,74.123,64.043,74.07316494,32,0.045348804,-0.396109844,0.396109844,0.045348804,1.6,1.8,1.8,1,5,1,1,0,0,0,0,0,0,1,1,1,1,0,0,0,0,0.6347,21.9238
sample_53,8.392361111,-0.351851852,8.392361111,0.081018519,0.490542915,90.122,80.042,90.06807956,38,0.053349575,-0.396275122,0.396275122,0.053349575,1.666666667,2.166666667,2.166666667,1,6,2,2,0,0,0,0,0,0,2,2,2,2,0,0,0,0,-0.2504,23.3836
sample_54,5.139027778,0.84375,5.139027778,0.84375,0.512414872,73.139,62.051,73.08914935,32,-0.007737643,-0.330473681,0.330473681,0.007737643,1.6,2.2,2.2,1,5,2,1,0,0,0,0,0,0,1,1,1,2,0,0,0,0,0.7452,23.9624
sample_55,3.111111111,1.09375,3.111111111,1.09375,0.504854052,73.139,62.051,73.08914935,32,-0.007751361,-0.317281591,0.317281591,0.007751361,1.2,1.6,1.6,1,5,1,1,0,0,0,0,0,0,1,1,1,2,0,0,0,0,0.6158,24.2177
sample_56,5.171296296,0.662037037,5.171296296,0.662037037,0.483006934,73.139,62.051,73.08914935,32,-0.005413892,-0.330218338,0.330218338,0.005413892,1.6,1.8,1.8,1,5,2,1,0,0,0,0,0,0,1,1,1,1,0,0,0,0,0.6011,23.8924
sample_57,3.784722222,1.75,3.784722222,1.75,0.453147965,79.102,74.062,79.04219916,30,0.026728768,-0.264736971,0.264736971,0.026728768,0.833333333,1.5,1.666666667,0,6,0,1,0,0,0,0,1,1,1,0,1,0,0,0,0,1,1.0816,24.237
sample_58,2.236111111,1.319444444,2.236111111,1.319444444,0.379082428,68.119,60.055,68.06260026,28,-0.034778563,-0.088527878,0.088527878,0.034778563,1,1.6,1.8,0.6,5,0,0,1,0,1,0,0,0,0,0,0,0,0,0,0,1,1.7265,22.991
sample_59,3.555555556,1.018518519,3.555555556,1.018518519,0.410514682,68.119,60.055,68.06260026,28,-0.040383549,-0.098823107,0.098823107,0.040383549,1.8,2,2,0.2,5,0,0,0,0,0,0,0,0,0,0,0,1,0,0,0,0,1.7485,25.011
sample_60,10.03333333,-0.0625,10.03333333,0.0625,0.474822003,100.117,92.053,100.0524295,40,0.136672069,-0.299537265,0.299537265,0.136672069,1.142857143,1.428571429,1.428571429,0.6,7,0,2,0,0,0,0,0,0,2,0,2,2,0,0,0,0,0.5545,25.979
sample_61,9.932638889,-0.263981481,9.932638889,0.263981481,0.377544829,100.117,92.053,100.0524295,40,0.302439546,-0.461656327,0.461656327,0.302439546,2,2.571428571,2.714285714,0.4,7,0,2,0,0,0,0,0,0,2,0,2,2,0,0,0,0,0.7355,26.83
sample_62,10.07152778,-0.358796296,10.07152778,0.358796296,0.377544829,100.117,92.053,100.0524295,40,0.329627783,-0.462840392,0.462840392,0.329627783,2,2.571428571,2.714285714,0.4,7,0,2,0,0,0,0,0,0,2,0,2,2,0,0,0,0,0.7355,26.83
sample_63,1.5,1.5,1.5,1.5,0.408361929,70.135,60.055,70.07825032,30,-0.053305973,-0.053305973,0.053305973,0.053305973,0.4,0.6,0.8,1,5,0,0,1,0,1,0,0,0,0,0,0,0,1,0,1,1,1.9505,23.085
sample_64,3.550416667,1.152777778,3.550416667,1.152777778,0.435603827,70.135,60.055,70.07825032,30,-0.035603948,-0.103083151,0.103083151,0.035603948,1.8,2.4,2.4,0.6,5,0,0,0,0,0,0,0,0,0,0,0,2,0,0,0,0,1.9725,25.105
sample_65,10.18055556,0.342592593,10.18055556,0.342592593,0.495768832,86.134,76.054,86.07316494,36,0.131861522,-0.299740651,0.299740651,0.131861522,1.333333333,1.666666667,1.666666667,0.8,6,0,1,0,0,0,0,0,0,1,0,1,2,0,0,0,0,1.3755,25.589
sample_66,10.04375,0.289351852,10.04375,0.289351852,0.495768832,86.134,76.054,86.07316494,36,0.129329532,-0.300031213,0.300031213,0.129329532,1.666666667,2.166666667,2.166666667,0.8,6,0,1,0,0,0,0,0,0,1,0,1,2,0,0,0,0,1.3755,25.589
sample_67,9.56375,0.732638889,9.56375,0.732638889,0.374278867,86.134,76.054,86.07316494,36,0.119490021,-0.30340291,0.30340291,0.119490021,1.666666667,2.333333333,2.5,0.8,6,0,1,0,0,0,0,0,0,1,0,1,3,0,0,0,0,1.3755,25.589
sample_68,10.18958333,-0.122685185,10.18958333,0.122685185,0.485245074,102.133,92.053,102.0680796,42,0.30498632,-0.465976731,0.465976731,0.30498632,1.571428571,2.142857143,2.285714286,0.8,7,0,2,0,0,0,0,0,0,2,0,2,2,0,0,0,0,0.9595,26.924
sample_69,9.487083333,0.449259259,9.487083333,0.449259259,0.492868588,102.133,92.053,102.0680796,42,0.292585346,-0.467627732,0.467627732,0.292585346,1.714285714,2.285714286,2.428571429,0.8,7,0,2,0,0,0,0,0,0,2,0,2,3,0,0,0,0,0.8154,26.854
sample_70,9.647083333,-0.942731481,9.647083333,0.204861111,0.498767382,101.125,92.053,101.0608031,42,0.04138344,-0.550171862,0.550171862,0.04138344,1.714285714,2.285714286,2.428571429,0.8,7,0,2,0,0,0,0,0,0,2,0,2,3,0,0,0,0,-0.0735,24.532
sample_71,9.758194444,-0.692731481,9.758194444,0.315972222,0.582072402,102.133,92.053,102.0680796,42,0.302839376,-0.481230391,0.481230391,0.302839376,1.714285714,2.285714286,2.428571429,0.8,7,1,2,0,0,0,0,0,0,1,1,2,3,0,0,0,0,1.2612,27.1608
sample_72,5.38029321,0.827222222,5.38029321,0.827222222,0.382995077,106.596,95.508,106.054928,38,0.022295401,-0.126716971,0.126716971,0.022295401,1.333333333,2,2.166666667,1,6,0,0,0,0,0,0,0,0,0,0,1,3,0,0,0,0,2.4154,30.245
sample_73,2.222222222,0.884259259,2.222222222,0.884259259,0.444440835,72.151,60.055,72.09390038,32,-0.047394926,-0.065138409,0.065138409,0.047394926,1.4,1.6,1.6,1,5,0,0,0,0,0,0,0,0,0,0,0,1,0,0,0,0,2.0524,25.129
sample_74,2.1875,0.5,2.1875,0.5,0.410578184,72.151,60.055,72.09390038,32,-0.041101548,-0.060438148,0.060438148,0.041101548,0.8,0.8,0.8,1,5,0,0,0,0,0,0,0,0,0,0,0,0,0,0,0,0,2.0524,25.129
sample_75,2.211805556,1.34375,2.211805556,1.34375,0.46878551,72.151,60.055,72.09390038,32,-0.053831315,-0.065382555,0.065382555,0.053831315,1,1.4,1.4,1,5,0,0,0,0,0,0,0,0,0,0,0,2,0,0,0,0,2.1965,25.199
sample_76,8.334768519,0.329861111,8.334768519,0.329861111,0.534088523,88.15,76.054,88.088815,38,0.045602329,-0.396099195,0.396099195,0.045602329,1.666666667,2.166666667,2.166666667,1,6,1,1,0,0,0,0,0,0,1,1,1,2,0,0,0,0,1.0248,26.5408
sample_77,8.826388889,-0.458333333,8.826388889,0.458333333,0.509763466,88.15,76.054,88.088815,38,0.058869861,-0.390482852,0.390482852,0.058869861,1.5,1.666666667,1.666666667,1,6,1,1,0,0,0,0,0,0,1,1,1,1,0,0,0,0,1.1673,26.5888
sample_78,8.236666667,0.331018519,8.236666667,0.331018519,0.534088523,88.15,76.054,88.088815,38,0.043296311,-0.396366079,0.396366079,0.043296311,1.5,2,2,1,6,1,1,0,0,0,0,0,0,1,1,1,2,0,0,0,0,1.0248,26.5408
sample_79,8.62962963,-0.148148148,8.62962963,0.148148148,0.507127445,88.15,76.054,88.088815,38,0.053450959,-0.393152133,0.393152133,0.053450959,1.166666667,1.333333333,1.333333333,1,6,1,1,0,0,0,0,0,0,1,1,1,1,0,0,0,0,1.0232,26.5188
sample_80,8.197361111,0.355,8.197361111,0.355,0.513281356,88.15,76.054,88.088815,38,0.043052233,-0.396376571,0.396376571,0.043052233,1.333333333,2,2.166666667,1,6,1,1,0,0,0,0,0,0,1,1,1,3,0,0,0,0,1.1689,26.6108
sample_81,8.552361111,-0.101851852,8.552361111,0.101851852,0.536831757,88.15,76.054,88.088815,38,0.05115656,-0.393419452,0.393419452,0.05115656,1.666666667,2.166666667,2.166666667,1,6,1,1,0,0,0,0,0,0,1,1,1,2,0,0,0,0,1.1673,26.5888
sample_82,8.666666667,-0.064814815,8.666666667,0.064814815,0.536831757,88.15,76.054,88.088815,38,0.05345928,-0.393153041,0.393153041,0.05345928,1.333333333,1.666666667,1.666666667,1,6,1,1,0,0,0,0,0,0,1,1,1,2,0,0,0,0,1.1673,26.5888
sample_83,8.434027778,-0.305555556,8.434027778,0.045138889,0.517276473,104.149,92.053,104.0837296,44,0.050357817,-0.395729397,0.395729397,0.050357817,1.142857143,1.428571429,1.428571429,1,7,2,2,0,0,0,0,0,0,2,2,2,2,0,0,0,0,-0.0028,27.9526
sample_84,8.21125,0.25,8.21125,0.25,0.4979883,104.149,92.053,104.0837296,44,0.043053863,-0.396376557,0.396376557,0.043053863,0.714285714,1.142857143,1.428571429,1,7,2,2,0,0,0,0,0,0,2,2,2,4,0,0,0,0,0.1413,28.0226
sample_85,5.576728395,0.605709877,5.576728395,0.605709877,0.528586339,147.004,142.972,145.9690055,42,0.059180344,-0.082713195,0.082713195,0.059180344,0.875,1.25,1.5,0,8,0,0,0,0,0,1,0,1,0,0,2,0,0,0,0,1,2.9934,36.462
sample_86,3.31125,1.134259259,3.31125,1.134259259,0.542045009,157.01,151.97,155.9574623,36,0.017475283,-0.062189991,0.062189991,0.017475283,1,1.571428571,1.857142857,0,7,0,0,0,0,0,1,0,1,0,0,1,0,0,0,0,1,2.4491,34.142
sample_87,5.539691358,0.793981481,5.539691358,0.793981481,0.483383326,112.559,107.519,112.0079778,36,0.040548441,-0.084344477,0.084344477,0.040548441,1,1.571428571,1.857142857,0,7,0,0,0,0,0,1,0,1,0,0,1,0,0,0,0,1,2.34,31.452
sample_88,2,2,2,2,0.442628372,78.114,72.066,78.04695019,30,-0.062268571,-0.062268571,0.062268571,0.062268571,0.333333333,0.5,0.666666667,0,6,0,0,0,0,0,1,0,1,0,0,0,0,0,0,0,1,1.6866,26.442
sample_89,8.632222222,0.321759259,8.632222222,0.321759259,0.514729545,94.113,88.065,94.04186481,36,0.115074819,-0.507966995,0.507966995,0.115074819,1,1.571428571,1.857142857,0,7,1,1,0,0,0,1,0,1,1,1,1,0,0,0,0,1,1.3922,28.1068
sample_90,8.645555556,0.169259259,8.645555556,0.169259259,0.490727669,110.112,104.064,110.0367794,42,0.115345951,-0.507962237,0.507962237,0.115345951,0.75,1,1.25,0,8,2,2,0,0,0,1,0,1,2,2,2,0,0,0,0,1,1.0978,29.7716
sample_91,5.357777778,0.821759259,5.357777778,0.821759259,0.480075463,93.129,86.073,93.05784922,36,0.031347593,-0.398728829,0.398728829,0.031347593,1,1.571428571,1.857142857,0,7,2,1,0,0,0,1,0,1,1,1,1,0,0,0,0,1,1.2688,30.8544
sample_92,3.979166667,1.071759259,3.979166667,1.071759259,0.471998368,93.129,86.073,93.05784922,36,0.037214653,-0.261612425,0.261612425,0.037214653,1.428571429,2.285714286,2.571428571,0.166666667,7,0,1,0,0,0,0,1,1,1,0,1,0,0,0,0,1,1.39002,28.974
sample_93,8.032678571,0.585,8.032678571,0.585,0.515241194,108.144,100.08,108.0687483,42,0.062125109,-0.198347387,0.198347387,0.062125109,0.875,1.25,1.5,0.666666667,8,0,2,0,0,0,0,0,0,2,0,2,3,0,0,0,0,1.59396,29.694
sample_94,2.267361111,1.319444444,2.267361111,1.319444444,0.392513413,82.146,72.066,82.07825032,34,-0.03506251,-0.088539093,0.088539093,0.03506251,0.833333333,1.333333333,1.5,0.666666667,6,0,0,1,0,1,0,0,0,0,0,0,0,0,0,0,1,2.1166,27.608
sample_95,10.46305556,0.46412037,10.46305556,0.46412037,0.448625541,98.145,88.065,98.07316494,40,0.132411328,-0.299717909,0.299717909,0.132411328,1,1.571428571,1.857142857,0.833333333,7,0,1,1,0,1,0,0,0,1,0,1,0,1,0,1,1,1.5196,28.092
sample_96,10.17777778,0.125,10.17777778,0.125,0.454517702,98.145,88.065,98.07316494,40,0.152047426,-0.295182765,0.295182765,0.152047426,1.285714286,1.714285714,1.714285714,0.5,7,0,1,0,0,0,0,0,0,1,0,1,1,0,0,0,0,1.5416,30.112
sample_97,1.5,1.5,1.5,1.5,0.422316187,84.162,72.066,84.09390038,36,-0.053305973,-0.053305973,0.053305973,0.053305973,0.333333333,0.5,0.666666667,1,6,0,0,1,0,1,0,0,0,0,0,0,0,1,0,1,1,2.3406,27.702
sample_98,3.75462963,0.657407407,3.75462963,0.657407407,0.427201953,84.162,72.066,84.09390038,36,-0.026557561,-0.0998815,0.0998815,0.026557561,1.5,1.666666667,1.666666667,0.666666667,6,0,0,0,0,0,0,0,0,0,0,0,1,0,0,0,0,2.2185,29.652
sample_99,2.12037037,1.425925926,2.12037037,1.425925926,0.395123445,84.162,72.066,84.09390038,36,-0.04396381,-0.077787503,0.077787503,0.04396381,0.666666667,0.833333333,0.833333333,0.666666667,6,0,0,0,0,0,0,0,0,0,0,0,0,0,0,0,0,2.3626,29.722
sample_100,3.791666667,1.135416667,3.791666667,1.135416667,0.450422813,84.162,72.066,84.09390038,36,-0.035168768,-0.099882385,0.099882385,0.035168768,1.333333333,1.666666667,1.666666667,0.666666667,6,0,0,0,0,0,0,0,0,0,0,0,2,0,0,0,0,2.3626,29.722
sample_101,3.598194444,1.177083333,3.598194444,1.177083333,0.363505574,84.162,72.066,84.09390038,36,-0.035351361,-0.10308298,0.10308298,0.035351361,1.666666667,2.333333333,2.5,0.666666667,6,0,0,0,0,0,0,0,0,0,0,0,3,0,0,0,0,2.3626,29.722
sample_102,2.180555556,1.232638889,2.180555556,1.232638889,0.450422813,84.162,72.066,84.09390038,36,-0.035346458,-0.091664372,0.091664372,0.035346458,1.5,2.166666667,2.333333333,0.666666667,6,0,0,0,0,0,0,0,0,0,0,0,2,0,0,0,0,2.3626,29.722
sample_103,2.180555556,1.232638889,2.180555556,1.232638889,0.450422813,84.162,72.066,84.09390038,36,-0.035346458,-0.091664372,0.091664372,0.035346458,1.5,2.166666667,2.333333333,0.666666667,6,0,0,0,0,0,0,0,0,0,0,0,2,0,0,0,0,2.3626,29.722
sample_104,2.340277778,1.046296296,2.340277778,1.046296296,0.421791474,84.162,72.066,84.09390038,36,-0.044280073,-0.062509723,0.062509723,0.044280073,1.166666667,1.666666667,1.833333333,1,6,0,0,1,0,1,0,0,0,0,0,0,0,1,0,1,1,2.1965,27.632
sample_105,3.744861111,1.180555556,3.744861111,1.180555556,0.450422813,84.162,72.066,84.09390038,36,-0.032839549,-0.100141105,0.100141105,0.032839549,1.666666667,2.166666667,2.166666667,0.666666667,6,0,0,0,0,0,0,0,0,0,0,0,2,0,0,0,0,2.3626,29.722
sample_106,3.600833333,0.780092593,3.600833333,0.780092593,0.449886252,84.162,72.066,84.09390038,36,-0.033016381,-0.103073005,0.103073005,0.033016381,1.666666667,2.166666667,2.166666667,0.666666667,6,0,0,0,0,0,0,0,0,0,0,0,2,0,0,0,0,2.2185,29.652
sample_107,4.837777778,0.819444444,4.837777778,0.819444444,0.387279423,100.161,88.065,100.088815,42,0.087242646,-0.501818678,0.501818678,0.087242646,1.714285714,2.428571429,2.857142857,0.666666667,7,0,1,0,0,0,0,0,0,1,0,1,4,0,0,0,0,1.9466,31.057
sample_108,8.909166667,0.03587963,8.909166667,0.03587963,0.486324884,100.161,88.065,100.088815,42,0.053984775,-0.393131382,0.393131382,0.053984775,1,1.571428571,1.857142857,1,7,1,1,1,0,1,0,0,0,1,1,1,0,1,0,1,1,1.3114,29.0918
sample_109,10.20263889,0.307268519,10.20263889,0.307268519,0.527852924,100.161,88.065,100.088815,42,0.129339773,-0.300031025,0.300031025,0.129339773,1.571428571,2.142857143,2.285714286,0.833333333,7,0,1,0,0,0,0,0,0,1,0,1,3,0,0,0,0,1.7656,30.206
sample_110,10.25416667,0.287037037,10.25416667,0.287037037,0.515019317,100.161,88.065,100.088815,42,0.129595121,-0.300019963,0.300019963,0.129595121,1.571428571,2,2,0.833333333,7,0,1,0,0,0,0,0,0,1,0,1,2,0,0,0,0,1.6215,30.136
sample_111,10.42083333,-0.087962963,10.42083333,0.087962963,0.520098668,116.16,104.064,116.0837296,48,0.305256806,-0.465969335,0.465969335,0.305256806,1.5,2.125,2.5,0.833333333,8,0,2,0,0,0,0,0,0,2,0,2,3,0,0,0,0,1.3496,31.541
sample_112,10.16157407,-0.671296296,10.16157407,0.12962963,0.606401006,116.16,104.064,116.0837296,48,0.305965805,-0.481026717,0.481026717,0.305965805,1.5,1.875,1.875,0.833333333,8,1,2,0,0,0,0,0,0,1,1,2,3,0,0,0,0,1.5072,31.7078
sample_113,9.87412415,-0.681990741,9.87412415,0.327222222,0.566873204,116.16,104.064,116.0837296,48,0.302839555,-0.48123039,0.48123039,0.302839555,1.5,2.125,2.5,0.833333333,8,1,2,0,0,0,0,0,0,1,1,2,4,0,0,0,0,1.6513,31.7778
sample_114,10.12597222,-0.195648148,10.12597222,0.195648148,0.506664867,116.16,104.064,116.0837296,48,0.302132686,-0.465604426,0.465604426,0.302132686,1.625,2.125,2.25,0.833333333,8,0,2,0,0,0,0,0,0,2,0,2,2,0,0,0,0,1.2055,31.471
sample_115,5.634722222,0.53587963,5.634722222,0.53587963,0.486084459,99.177,86.073,99.10479942,42,0.003877844,-0.327711754,0.327711754,0.003877844,1,1.571428571,1.857142857,1,7,2,1,1,0,1,0,0,0,1,1,1,0,1,0,1,1,1.2778,31.0604
sample_116,2.243055556,0.541666667,2.243055556,0.541666667,0.424482056,86.178,72.066,86.10955045,38,-0.038523118,-0.064883361,0.064883361,0.038523118,1.166666667,1.333333333,1.333333333,1,6,0,0,0,0,0,0,0,0,0,0,0,0,0,0,0,0,2.4425,29.746
sample_117,2.240740741,0.851851852,2.240740741,0.851851852,0.459028278,86.178,72.066,86.10955045,38,-0.044812659,-0.062529132,0.062529132,0.044812659,0.666666667,0.833333333,0.833333333,1,6,0,0,0,0,0,0,0,0,0,0,0,1,0,0,0,0,2.2984,29.676
sample_118,2.231805556,1.355,2.231805556,1.355,0.462954281,86.178,72.066,86.10955045,38,-0.053578702,-0.065382385,0.065382385,0.053578702,0.833333333,1.166666667,1.333333333,1,6,0,0,0,0,0,0,0,0,0,0,0,3,0,0,0,0,2.5866,29.816
sample_119,2.253472222,0.898148148,2.253472222,0.898148148,0.483890298,86.178,72.066,86.10955045,38,-0.047142635,-0.065372598,0.065372598,0.047142635,1.333333333,1.833333333,1.833333333,1,6,0,0,0,0,0,0,0,0,0,0,0,2,0,0,0,0,2.4425,29.746
sample_120,2.277777778,0.935185185,2.277777778,0.935185185,0.483890298,86.178,72.066,86.10955045,38,-0.04480471,-0.065128474,0.065128474,0.04480471,1.166666667,1.5,1.5,1,6,0,0,0,0,0,0,0,0,0,0,0,2,0,0,0,0,2.4425,29.746
sample_121,5.25,0.375,5.25,0.375,0.51644113,102.177,88.065,102.1044651,44,0.052185621,-0.376143676,0.376143676,0.052185621,0.857142857,1.142857143,1.142857143,1,7,0,1,0,0,0,0,0,0,1,0,1,2,0,0,0,0,1.8198,31.357
sample_122,5.131944444,0.924444444,5.131944444,0.924444444,0.491869888,102.177,88.065,102.1044651,44,0.04629007,-0.381474012,0.381474012,0.04629007,1,1.428571429,1.714285714,1,7,0,1,0,0,0,0,0,0,1,0,1,4,0,0,0,0,1.823,31.401
sample_123,5.06,-0.037037037,5.06,0.037037037,0.519424498,118.176,104.064,118.0993797,50,0.154255171,-0.353261603,0.353261603,0.154255171,1.125,1.5,1.75,1,8,0,2,0,0,0,0,0,0,2,0,2,4,0,0,0,0,1.4054,32.714
sample_124,3.305555556,0.625,3.305555556,0.625,0.553986563,101.193,86.073,101.1204495,44,0.001268865,-0.312334426,0.312334426,0.001268865,0.857142857,1.142857143,1.142857143,1,7,1,1,0,0,0,0,0,0,1,1,1,2,0,0,0,0,1.3928,33.4077
sample_125,3.284722222,1.174444444,3.284722222,1.174444444,0.527646237,101.193,86.073,101.1204495,44,-0.005155142,-0.31675343,0.31675343,0.005155142,1,1.428571429,1.714285714,1,7,1,1,0,0,0,0,0,0,1,1,1,4,0,0,0,0,1.396,33.4517
sample_126,10.00648148,0.729166667,10.00648148,0.729166667,0.495636268,106.124,100.076,106.0418648,40,0.149548029,-0.297896412,0.297896412,0.149548029,1.125,1.75,2.125,0,8,0,1,0,0,0,1,0,1,1,0,1,1,0,0,0,1,1.4991,31.8295
sample_127,10.20092593,-0.879074074,10.20092593,0.331018519,0.610603539,122.123,116.075,122.0367794,46,0.335178235,-0.477639251,0.477639251,0.335178235,1.222222222,1.777777778,2.111111111,0,9,1,2,0,0,0,1,0,1,1,1,2,1,0,0,0,1,1.3848,33.4013
sample_128,2.083333333,1.321759259,2.083333333,1.321759259,0.45880628,92.141,84.077,92.06260026,36,-0.039774526,-0.062249086,0.062249086,0.039774526,1,1.571428571,1.857142857,0.142857143,7,0,0,0,0,0,1,0,1,0,0,0,0,0,0,0,1,1.99502,31.179
sample_129,8.537592593,0.139722222,8.537592593,0.139722222,0.572343612,108.14,100.076,108.0575149,42,0.06813694,-0.391680468,0.391680468,0.06813694,1.125,1.75,2.125,0.142857143,8,1,1,0,0,0,1,0,1,1,1,1,1,0,0,0,1,1.1789,32.3648
sample_130,8.813055556,0.337962963,8.813055556,0.337962963,0.535935436,108.14,100.076,108.0575149,42,0.115339652,-0.507956572,0.507956572,0.115339652,1.375,2.125,2.5,0.142857143,8,1,1,0,0,0,1,0,1,1,1,1,0,0,0,0,1,1.70062,32.8438
sample_131,8.919259259,0.368055556,8.919259259,0.368055556,0.535935436,108.14,100.076,108.0575149,42,0.117979619,-0.507687284,0.507687284,0.117979619,1.25,1.875,2.25,0.142857143,8,1,1,0,0,0,1,0,1,1,1,1,0,0,0,0,1,1.70062,32.8438
sample_132,5.458611111,0.837962963,5.458611111,0.837962963,0.500282,107.156,98.084,107.0734993,42,0.031614018,-0.398720858,0.398720858,0.031614018,1.375,2.125,2.5,0.142857143,8,2,1,0,0,0,1,0,1,1,1,1,0,0,0,0,1,1.57722,35.5914
sample_133,5.519814815,0.868055556,5.519814815,0.868055556,0.500282,107.156,98.084,107.0734993,42,0.03432088,-0.398514098,0.398514098,0.03432088,1.25,1.875,2.25,0.142857143,8,2,1,0,0,0,1,0,1,1,1,1,0,0,0,0,1,1.57722,35.5914
sample_134,10.34634637,-0.330138889,10.34634637,0.330138889,0.32571682,128.171,116.075,128.0837296,52,0.329637876,-0.462546367,0.462546367,0.329637876,1.777777778,2.444444444,2.888888889,0.571428571,9,0,2,0,0,0,0,0,0,2,0,2,4,0,0,0,0,1.5157,36.064
sample_135,10.37597222,-0.343796296,10.37597222,0.343796296,0.423598256,128.171,116.075,128.0837296,52,0.329647699,-0.462272912,0.462272912,0.329647699,1.777777778,2.333333333,2.666666667,0.571428571,9,0,2,0,0,0,0,0,0,2,0,2,3,0,0,0,0,1.3716,35.994
sample_136,2.301574074,1.097222222,2.301574074,1.097222222,0.472575834,98.189,84.077,98.10955045,42,-0.041690858,-0.065118181,0.065118181,0.041690858,1.285714286,1.857142857,2.142857143,1,7,0,0,1,0,1,0,0,0,0,0,0,1,1,0,1,1,2.5866,32.249
sample_137,2.296296296,0.865740741,2.296296296,0.865740741,0.500181791,100.205,84.077,100.1252005,44,-0.042223387,-0.065118468,0.065118468,0.042223387,1.142857143,1.571428571,1.571428571,1,7,0,0,0,0,0,0,0,0,0,0,0,2,0,0,0,0,2.6885,34.293
sample_138,2.245694444,1.361111111,2.245694444,1.361111111,0.476309874,100.205,84.077,100.1252005,44,-0.053326092,-0.065382383,0.065382383,0.053326092,0.714285714,1.142857143,1.428571429,1,7,0,0,0,0,0,0,0,0,0,0,0,4,0,0,0,0,2.9767,34.433
sample_139,2.273472222,0.902731481,2.273472222,0.902731481,0.511270349,100.205,84.077,100.1252005,44,-0.047132749,-0.065382212,0.065382212,0.047132749,1.285714286,1.857142857,2,1,7,0,0,0,0,0,0,0,0,0,0,0,3,0,0,0,0,2.8326,34.363
sample_140,2.309027778,0.949074074,2.309027778,0.949074074,0.511270349,100.205,84.077,100.1252005,44,-0.044552451,-0.065372426,0.065372426,0.044552451,1.285714286,1.857142857,2,1,7,0,0,0,0,0,0,0,0,0,0,0,3,0,0,0,0,2.8326,34.363
sample_141,3.630925926,1.173611111,3.630925926,1.173611111,0.512605938,104.152,96.088,104.0626003,40,-0.026255789,-0.09847005,0.09847005,0.026255789,1.125,1.75,2.125,0,8,0,0,0,0,0,1,0,1,0,0,0,1,0,0,0,1,2.3296,36.533
sample_142,10.64537037,0.120925926,10.64537037,0.120925926,0.517046754,120.151,112.087,120.0575149,46,0.159298497,-0.294512207,0.294512207,0.159298497,1.222222222,1.777777778,2.111111111,0.125,9,0,1,0,0,0,1,0,1,1,0,1,1,0,0,0,1,1.8892,36.4465
sample_143,2.162037037,1.139722222,2.162037037,1.139722222,0.514757822,106.168,96.088,106.0782503,42,-0.030744083,-0.062248742,0.062248742,0.030744083,1.125,1.75,2.125,0.25,8,0,0,0,0,0,1,0,1,0,0,0,1,0,0,0,1,2.249,35.82
sample_144,2.166666667,1.337962963,2.166666667,1.337962963,0.475757685,106.168,96.088,106.0782503,42,-0.039764605,-0.061740871,0.061740871,0.039764605,1,1.5,1.75,0.25,8,0,0,0,0,0,1,0,1,0,0,0,0,0,0,0,1,2.30344,35.916
sample_145,2.12037037,1.329259259,2.12037037,1.329259259,0.475757685,106.168,96.088,106.0782503,42,-0.039774194,-0.059062579,0.059062579,0.039774194,0.75,1,1.25,0.25,8,0,0,0,0,0,1,0,1,0,0,0,0,0,0,0,1,2.30344,35.916
sample_146,9.206296296,0.414351852,9.206296296,0.414351852,0.557704396,122.167,112.087,122.0731649,48,0.120883846,-0.507407376,0.507407376,0.120883846,1.111111111,1.555555556,1.888888889,0.25,9,1,1,0,0,0,1,0,1,1,1,1,0,0,0,0,1,2.00904,37.5808
sample_147,2.083333333,1.247685185,2.083333333,1.247685185,0.546827449,121.183,110.095,121.0891494,48,0.036048726,-0.377661479,0.377661479,0.036048726,1,1.555555556,1.888888889,0.25,9,0,1,0,0,0,1,0,1,1,0,1,1,0,0,0,1,1.7526,40.769
sample_148,2.378796296,1.003472222,2.378796296,1.003472222,0.451755297,112.216,96.088,112.1252005,48,-0.041698204,-0.062254863,0.062254863,0.041698204,0.875,1.25,1.5,1,8,0,0,1,0,1,0,0,0,0,0,0,0,1,0,1,1,2.8326,36.796
sample_149,2.378796296,1.003472222,2.378796296,1.003472222,0.451755297,112.216,96.088,112.1252005,48,-0.041698204,-0.062254863,0.062254863,0.041698204,0.875,1.25,1.5,1,8,0,0,1,0,1,0,0,0,0,0,0,0,1,0,1,1,2.8326,36.796
sample_150,2.370694444,1.012731481,2.370694444,1.012731481,0.451755297,112.216,96.088,112.1252005,48,-0.04402657,-0.062499713,0.062499713,0.04402657,1,1.5,1.75,1,8,0,0,1,0,1,0,0,0,0,0,0,0,1,0,1,1,2.8326,36.796
sample_151,2.370694444,1.012731481,2.370694444,1.012731481,0.451755297,112.216,96.088,112.1252005,48,-0.04402657,-0.062499713,0.062499713,0.04402657,1,1.5,1.75,1,8,0,0,1,0,1,0,0,0,0,0,0,0,1,0,1,1,2.8326,36.796
sample_152,2.366944444,1.01962963,2.366944444,1.01962963,0.451755297,112.216,96.088,112.1252005,48,-0.044260161,-0.062509376,0.062509376,0.044260161,0.75,1,1.25,1,8,0,0,1,0,1,0,0,0,0,0,0,0,1,0,1,1,2.8326,36.796
sample_153,2.366944444,1.01962963,2.366944444,1.01962963,0.451755297,112.216,96.088,112.1252005,48,-0.044260161,-0.062509376,0.062509376,0.044260161,0.75,1,1.25,1,8,0,0,1,0,1,0,0,0,0,0,0,0,1,0,1,1,2.8326,36.796
sample_154,2.315462963,1.086805556,2.315462963,1.086805556,0.488902998,112.216,96.088,112.1252005,48,-0.041690861,-0.065118181,0.065118181,0.041690861,1.125,1.75,2.125,1,8,0,0,1,0,1,0,0,0,0,0,0,1,1,0,1,1,2.9767,36.866
sample_155,2.29,1.111111111,2.29,1.111111111,0.514863604,112.216,96.088,112.1252005,48,-0.041438635,-0.065372252,0.065372252,0.041438635,1.25,1.875,2.375,1,8,0,0,1,0,1,0,0,0,0,0,0,2,1,0,1,1,2.9767,36.866
sample_156,3.840486111,0.422453704,3.840486111,0.422453704,0.457318441,112.216,96.088,112.1252005,48,-0.02767551,-0.100120661,0.100120661,0.02767551,1.375,1.75,1.75,0.75,8,0,0,0,0,0,0,0,0,0,0,0,1,0,0,0,0,2.9987,38.886
sample_157,2.270833333,0.359953704,2.270833333,0.359953704,0.422474624,112.216,96.088,112.1252005,48,-0.020070233,-0.080487514,0.080487514,0.020070233,1.125,1.5,1.5,0.75,8,0,0,0,0,0,0,0,0,0,0,0,0,0,0,0,0,2.9987,38.886
sample_158,10.8250463,-0.103055556,10.8250463,0.001157407,0.564835869,144.214,128.086,144.1150298,60,0.307870976,-0.465213342,0.465213342,0.307870976,1.3,1.8,2.1,0.875,10,0,2,0,0,0,0,0,0,2,0,2,3,0,0,0,0,1.8416,40.635
sample_159,2.327546296,0.870324074,2.327546296,0.870324074,0.528634716,114.232,96.088,114.1408506,50,-0.041971158,-0.065372253,0.065372253,0.041971158,1.125,1.625,1.75,1,8,0,0,0,0,0,0,0,0,0,0,0,3,0,0,0,0,3.0786,38.91
sample_160,2.303240741,0.87962963,2.303240741,0.87962963,0.528634716,114.232,96.088,114.1408506,50,-0.039635053,-0.065108513,0.065108513,0.039635053,1,1.375,1.375,1,8,0,0,0,0,0,0,0,0,0,0,0,3,0,0,0,0,3.0786,38.91
sample_161,2.255898526,1.364795918,2.255898526,1.364795918,0.480610605,114.232,96.088,114.1408506,50,-0.053316205,-0.065382383,0.065382383,0.053316205,0.625,1,1.25,1,8,0,0,0,0,0,0,0,0,0,0,0,5,0,0,0,0,3.3668,39.05
sample_162,2.305555556,0.508680556,2.305555556,0.508680556,0.491153963,114.232,96.088,114.1408506,50,-0.035701171,-0.065108393,0.065108393,0.035701171,1.25,1.625,1.625,1,8,0,0,0,0,0,0,0,0,0,0,0,1,0,0,0,0,3.0786,38.91
sample_163,2.284722222,0.521990741,2.284722222,0.521990741,0.491153963,114.232,96.088,114.1408506,50,-0.038018218,-0.062753722,0.062753722,0.038018218,1.125,1.5,1.5,1,8,0,0,0,0,0,0,0,0,0,0,0,1,0,0,0,0,3.0786,38.91
sample_164,2.31712963,0.541666667,2.31712963,0.541666667,0.517234096,114.232,96.088,114.1408506,50,-0.033377097,-0.064863327,0.064863327,0.033377097,1.25,1.625,1.625,1,8,0,0,0,0,0,0,0,0,0,0,0,2,0,0,0,0,3.0786,38.91
sample_165,5.314444444,0.954861111,5.314444444,0.954861111,0.5020749,130.231,112.087,130.1357652,56,0.046543272,-0.381452815,0.381452815,0.046543272,0.888888889,1.333333333,1.666666667,1,9,0,1,0,0,0,0,0,0,1,0,1,6,0,0,0,0,2.6032,40.635
sample_166,8.752651172,0.371527778,8.752651172,0.371527778,0.604543152,130.231,112.087,130.1357652,56,0.045866246,-0.396088351,0.396088351,0.045866246,1.333333333,2,2.333333333,1,9,1,1,0,0,0,0,0,0,1,1,1,5,0,0,0,0,2.1951,40.3918
sample_167,4.181203704,1.060185185,4.181203704,1.060185185,0.531191558,129.162,122.106,129.0578492,48,0.070143484,-0.256266728,0.256266728,0.070143484,0.9,1.7,2.6,0,10,0,1,0,0,0,1,1,2,1,0,1,0,0,0,0,2,2.2348,41.743
sample_168,3.82537037,1.120925926,3.82537037,1.120925926,0.531525396,118.179,108.099,118.0782503,46,-0.023325206,-0.09551616,0.09551616,0.023325206,1.222222222,1.777777778,2.111111111,0.111111111,9,0,0,0,0,0,1,0,1,0,0,0,1,0,0,0,1,2.7197,41.15
sample_169,11.0224537,-0.256388889,11.0224537,0.256388889,0.601336803,150.177,140.097,150.0680796,58,0.337607127,-0.462391326,0.462391326,0.337607127,1.363636364,2,2.545454545,0.222222222,11,0,2,0,0,0,1,0,1,2,0,2,2,0,0,0,1,1.8633,42.3985
sample_170,2.203703704,0.658518519,2.203703704,0.658518519,0.534261738,120.195,108.099,120.0939004,48,-0.021882386,-0.062248395,0.062248395,0.021882386,1,1.555555556,1.888888889,0.333333333,9,0,0,0,0,0,1,0,1,0,0,0,1,0,0,0,1,2.81,40.531
sample_171,2.18287037,1.145509259,2.18287037,1.145509259,0.533979067,120.195,108.099,120.0939004,48,-0.030481429,-0.061984847,0.061984847,0.030481429,1.222222222,1.888888889,2.333333333,0.333333333,9,0,0,0,0,0,1,0,1,0,0,0,1,0,0,0,1,2.55742,40.557
sample_172,2.175925926,1.139166667,2.175925926,1.139166667,0.533979067,120.195,108.099,120.0939004,48,-0.03074375,-0.061294135,0.061294135,0.03074375,1.111111111,1.666666667,2.111111111,0.333333333,9,0,0,0,0,0,1,0,1,0,0,0,1,0,0,0,1,2.55742,40.557
sample_173,2.1875,1.354166667,2.1875,1.354166667,0.493392712,120.195,108.099,120.0939004,48,-0.039754683,-0.056365285,0.056365285,0.039754683,0.666666667,0.888888889,1.111111111,0.333333333,9,0,0,0,0,0,1,0,1,0,0,0,0,0,0,0,1,2.61186,40.653
sample_174,2.201388889,1.209166667,2.201388889,1.209166667,0.56249167,120.195,108.099,120.0939004,48,-0.028149798,-0.065065438,0.065065438,0.028149798,1.111111111,1.777777778,2.333333333,0.333333333,9,0,0,0,0,0,1,0,1,0,0,0,2,0,0,0,1,2.6391,40.437
sample_175,2.157407407,1.384259259,2.157407407,1.384259259,0.493392712,120.195,108.099,120.0939004,48,-0.039248261,-0.061721298,0.061721298,0.039248261,0.888888889,1.333333333,1.666666667,0.333333333,9,0,0,0,0,0,1,0,1,0,0,0,0,0,0,0,1,2.61186,40.653
sample_176,2.203703704,1.345462963,2.203703704,1.345462963,0.493392712,120.195,108.099,120.0939004,48,-0.039501562,-0.059043014,0.059043014,0.039501562,0.888888889,1.555555556,2,0.333333333,9,0,0,0,0,0,1,0,1,0,0,0,0,0,0,0,1,2.61186,40.653
sample_177,11.01270833,0.204282407,11.01270833,0.204282407,0.501755282,138.21,124.098,138.1044651,56,0.155678092,-0.294844131,0.294844131,0.155678092,1.4,2,2.4,0.666666667,10,0,1,1,0,1,0,0,0,1,0,1,0,0,0,0,1,2.3218,41.779
sample_178,2.300204082,1.100694444,2.300204082,1.100694444,0.5318701,126.243,108.099,126.1408506,54,-0.041438638,-0.065372252,0.065372252,0.041438638,1.111111111,1.777777778,2.333333333,1,9,0,0,1,0,1,0,0,0,0,0,0,2,1,0,1,1,3.3668,41.483
sample_179,2.302083333,0.666666667,2.302083333,0.666666667,0.542240487,128.259,108.099,128.1565006,56,-0.030793472,-0.064853384,0.064853384,0.030793472,0.666666667,0.888888889,0.888888889,1,9,0,0,0,0,0,0,0,0,0,0,0,4,0,0,0,0,3.6128,43.597
sample_180,2.263711026,1.3671875,2.263711026,1.3671875,0.47772438,128.259,108.099,128.1565006,56,-0.053306317,-0.065382383,0.065382383,0.053306317,0.555555556,0.888888889,1.222222222,1,9,0,0,0,0,0,0,0,0,0,0,0,6,0,0,0,0,3.7569,43.667
sample_181,2.326388889,0.446180556,2.326388889,0.446180556,0.506984426,128.259,108.099,128.1565006,56,-0.030817843,-0.064853205,0.064853205,0.030817843,0.888888889,1.222222222,1.222222222,1,9,0,0,0,0,0,0,0,0,0,0,0,1,0,0,0,0,3.4687,43.527
sample_182,11.0257224,-0.429244615,11.0257224,0.402919501,0.664865161,194.186,184.106,194.0579088,74,0.33734222,-0.465417519,0.465417519,0.33734222,0.857142857,1.142857143,1.357142857,0.2,14,0,4,0,0,0,1,0,1,4,0,4,2,0,0,0,1,1.2598,49.121
sample_183,2.258425926,1.301759259,2.258425926,1.301759259,0.508629721,132.206,120.11,132.0939004,52,-0.027602667,-0.061974403,0.061974403,0.027602667,0.8,1.3,1.8,0.4,10,0,0,1,0,1,1,0,1,0,0,0,0,0,0,0,2,2.5654,43.084
sample_184,2.225138889,1.233472222,2.225138889,1.233472222,0.595730956,134.222,120.11,134.1095504,54,-0.027897295,-0.065371072,0.065371072,0.027897295,1.1,1.8,2.4,0.4,10,0,0,0,0,0,1,0,1,0,0,0,3,0,0,0,1,3.0292,45.054
sample_185,2.224537037,0.292916667,2.224537037,0.292916667,0.51140067,134.222,120.11,134.1095504,54,-0.013185421,-0.062248045,0.062248045,0.013185421,0.9,1.4,1.7,0.4,10,0,0,0,0,0,1,0,1,0,0,0,0,0,0,0,1,2.9841,45.142
sample_186,2.212962963,0.653333333,2.212962963,0.653333333,0.553258492,134.222,120.11,134.1095504,54,-0.021882053,-0.059041992,0.059041992,0.021882053,1,1.5,1.9,0.4,10,0,0,0,0,0,1,0,1,0,0,0,1,0,0,0,1,3.11842,45.268
sample_187,2.277777778,1.146666667,2.277777778,1.146666667,0.58312047,134.222,120.11,134.1095504,54,-0.030733986,-0.061720355,0.061720355,0.030733986,1,1.5,1.9,0.4,10,0,0,0,0,0,1,0,1,0,0,0,2,0,0,0,1,2.8114,45.198
sample_188,2.207175926,1.156759259,2.207175926,1.156759259,0.58312047,134.222,120.11,134.1095504,54,-0.030470989,-0.06197458,0.06197458,0.030470989,0.9,1.3,1.6,0.4,10,0,0,0,0,0,1,0,1,0,0,0,2,0,0,0,1,2.8114,45.198
sample_189,2.243055556,0.766111111,2.243055556,0.766111111,0.583095072,134.222,120.11,134.1095504,54,-0.025564397,-0.062455891,0.062455891,0.025564397,1.1,1.7,2.2,0.4,10,0,0,0,0,0,1,0,1,0,0,0,2,0,0,0,1,2.8851,44.984
sample_190,2.294470663,1.105277778,2.294470663,1.105277778,0.559672775,140.27,120.11,140.1565006,60,-0.041428751,-0.06538221,0.06538221,0.041428751,1.1,1.8,2.4,1,10,0,0,1,0,1,0,0,0,0,0,0,3,1,0,1,1,3.7569,46.1
sample_191,2.269883866,1.36882716,2.269883866,1.36882716,0.468408928,142.286,120.11,142.1721507,62,-0.053306146,-0.065382383,0.065382383,0.053306146,0.5,0.8,1.1,1,10,0,0,0,0,0,0,0,0,0,0,0,7,0,0,0,0,4.147,48.284
sample_192,10.41384976,-1.101899565,10.41384976,0.238845427,0.565450581,183.271,164.119,183.1390534,76,0.066856646,-0.545189439,0.545189439,0.066856646,1.461538462,2.076923077,2.461538462,0.727272727,13,0,2,0,0,0,0,0,0,2,0,2,7,0,0,0,0,1.899,52.07
sample_193,5.578333333,0.869166667,5.578333333,0.869166667,0.670036385,170.211,160.131,170.0731649,64,0.126927749,-0.457384598,0.457384598,0.126927749,0.538461538,0.923076923,1.307692308,0,13,0,1,0,0,0,2,0,2,1,0,1,2,0,0,0,2,3.4789,52.958
sample_194,3.303888889,1.119166667,3.303888889,1.119166667,0.72580301,169.227,158.139,169.0891494,64,0.038370137,-0.355527192,0.355527192,0.038370137,0.538461538,0.923076923,1.307692308,0,13,1,1,0,0,0,2,0,2,1,1,1,2,0,0,0,2,3.4302,56.1667
sample_195,11.54421249,-0.50819161,11.54421249,0.238703704,0.73136251,222.24,208.128,222.0892089,86,0.338495873,-0.462372422,0.462372422,0.338495873,0.9375,1.3125,1.625,0.333333333,16,0,4,0,0,0,1,0,1,4,0,4,4,0,0,0,1,2.04,58.355
sample_196,2.314814815,0.642314815,2.314814815,0.642314815,0.61770292,162.276,144.132,162.1408506,66,-0.021872112,-0.061699697,0.061699697,0.021872112,0.833333333,1.25,1.583333333,0.5,12,0,0,0,0,0,1,0,1,0,0,0,2,0,0,0,1,3.9334,54.62
sample_197,3.718992735,1.203333333,3.718992735,1.203333333,0.34551355,168.324,144.132,168.1878008,72,-0.035341293,-0.103082979,0.103082979,0.035341293,0.833333333,1.333333333,1.833333333,0.833333333,12,0,0,0,0,0,0,0,0,0,0,0,9,0,0,0,0,4.7032,57.424
sample_198,2.279016097,1.370867769,2.279016097,1.370867769,0.430464304,170.34,144.132,170.2034508,74,-0.053305974,-0.065382383,0.065382383,0.053305974,0.416666667,0.666666667,0.916666667,1,12,0,0,0,0,0,0,0,0,0,0,0,9,0,0,0,0,4.9272,57.518
sample_199,5.526780045,0.978298611,5.526780045,0.978298611,0.465366597,186.339,160.131,186.1983655,80,0.046553396,-0.381452449,0.381452449,0.046553396,0.615384615,1.076923077,1.461538462,1,13,0,1,0,0,0,0,0,0,1,0,1,10,0,0,0,0,4.1636,59.103
sample_200,2.159722222,1.029444444,2.159722222,1.029444444,0.645200185,168.239,156.143,168.0939004,64,-0.002577562,-0.062248361,0.062248361,0.002577562,0.538461538,0.923076923,1.307692308,0.076923077,13,0,0,0,0,0,2,0,2,0,0,0,2,0,0,0,2,3.2774,55.69
sample_201,11.59577145,-0.287543462,11.59577145,0.287543462,0.730797571,212.248,200.152,212.0837296,80,0.337955184,-0.45722281,0.45722281,0.337955184,0.875,1.4375,2.0625,0.071428571,16,0,2,0,0,0,2,0,2,2,0,2,3,0,0,0,2,3.0436,62.0035
sample_202,2.183472222,1.129814815,2.183472222,1.129814815,0.681460202,182.266,168.154,182.1095504,70,-0.023824284,-0.062248736,0.062248736,0.023824284,0.5,0.857142857,1.214285714,0.142857143,14,0,0,0,0,0,2,0,2,0,0,0,3,0,0,0,2,3.4718,60.292
sample_203,3.736442738,1.204861111,3.736442738,1.204861111,0.302902879,196.378,168.154,196.2191009,84,-0.035341293,-0.103082979,0.103082979,0.035341293,0.714285714,1.142857143,1.571428571,0.857142857,14,0,0,0,0,0,0,0,0,0,0,0,11,0,0,0,0,5.4834,66.658
sample_204,2.285446899,1.37204142,2.285446899,1.37204142,0.373103584,198.394,168.154,198.234751,86,-0.053305973,-0.065382383,0.065382383,0.053305973,0.357142857,0.571428571,0.785714286,1,14,0,0,0,0,0,0,0,0,0,0,0,11,0,0,0,0,5.7074,66.752
sample_205,11.94474482,-0.470841181,11.94474482,0.268612528,0.538282379,278.348,256.172,278.1518092,110,0.338505965,-0.462078397,0.462078397,0.338505965,0.85,1.25,1.6,0.5,20,0,4,0,0,0,1,0,1,4,0,4,8,0,0,0,1,3.6004,76.823
sample_206,3.749566675,1.205782313,3.749566675,1.205782313,0.255573929,224.432,192.176,224.250401,96,-0.035341293,-0.103082979,0.103082979,0.035341293,0.625,1,1.375,0.875,16,0,0,0,0,0,0,0,0,0,0,0,13,0,0,0,0,6.2636,75.892
sample_207,11.36247733,-0.06641231,11.36247733,0.06641231,0.321866146,314.466,280.194,314.2457096,130,0.305277514,-0.465675192,0.465675192,0.305277514,0.590909091,0.954545455,1.318181818,0.888888889,22,0,4,0,0,0,0,0,0,4,0,4,15,0,0,0,0,4.7938,88.67
sample_208,3.759796531,1.206380208,3.759796531,1.206380208,0.216374714,252.486,216.198,252.2817012,108,-0.035341293,-0.103082979,0.103082979,0.035341293,0.555555556,0.888888889,1.222222222,0.888888889,18,0,0,0,0,0,0,0,0,0,0,0,15,0,0,0,0,7.0438,85.126
sample_209,10.33320724,-0.653061016,10.33320724,0.345492118,0.336041979,284.484,248.196,284.2715304,120,0.302839557,-0.48123039,0.48123039,0.302839557,0.6,0.9,1.2,0.944444444,20,1,2,0,0,0,0,0,0,1,1,2,16,0,0,0,0,6.3325,87.1818
sample_210,11.36247733,-0.06641231,11.36247733,0.06641231,0.321866146,314.466,280.194,314.2457096,130,0.305277514,-0.465675192,0.465675192,0.305277514,0.590909091,0.954545455,1.318181818,0.888888889,22,0,4,0,0,0,0,0,0,4,0,4,15,0,0,0,0,4.7938,88.67
sample_211,2.29544658,1.37345679,2.29544658,1.37345679,0.252005312,268.529,228.209,268.3130013,116,-0.053305973,-0.065382383,0.065382383,0.053305973,0.263157895,0.421052632,0.578947368,1,19,0,0,0,0,0,0,0,0,0,0,0,16,0,0,0,0,7.6579,89.837
sample_212,11.42955362,-0.001718424,11.42955362,0.001718424,0.17870564,340.592,296.24,340.3341306,144,0.305277514,-0.465675192,0.465675192,0.305277514,0.541666667,0.916666667,1.333333333,0.954545455,24,0,2,0,0,0,0,0,0,2,0,2,19,0,0,0,0,7.5912,105.413
sample_213,10.04398148,0.064814815,10.04398148,0.064814815,0.435430016,84.118,76.054,84.05751488,34,0.15441298,-0.29490791,0.29490791,0.15441298,1.5,1.666666667,1.666666667,0.4,6,0,1,0,0,0,0,0,0,1,0,1,1,0,0,0,0,1.1515,25.495
sample_214,5.227623457,-0.171296296,5.227623457,0.171296296,0.45695844,112.987,106.939,111.9846556,32,0.107126299,-0.105408162,0.107126299,0.105408162,1.6,1.8,1.8,1,5,0,0,0,0,0,0,0,0,0,0,2,1,0,0,0,0,2.2001,25.785
sample_215,5.21720679,0.684027778,5.21720679,0.684027778,0.47909543,112.987,106.939,111.9846556,32,0.023429491,-0.126671743,0.126671743,0.023429491,1,1.4,1.4,1,5,0,0,0,0,0,0,0,0,0,0,2,2,0,0,0,0,1.8541,26.057
sample_216,7.90625,0.09375,7.90625,0.09375,0.459049307,76.095,68.031,76.0524295,32,0.045238237,-0.396286473,0.396286473,0.045238237,1,1.4,1.4,1,5,2,2,0,0,0,0,0,0,2,2,2,2,0,0,0,0,-0.6389,18.7886
sample_217,7.893518519,0.189814815,7.893518519,0.189814815,0.418494417,69.107,62.051,69.05784922,28,0.064945717,-0.198057275,0.198057275,0.064945717,1.6,1.8,1.8,0.75,5,0,1,0,0,0,0,0,0,1,0,1,0,0,0,0,0,1.16598,20.451
sample_218,5.321651235,0.742777778,5.321651235,0.742777778,0.40247002,127.014,118.95,126.0003056,38,0.022337405,-0.126716226,0.126716226,0.022337405,0.833333333,1.166666667,1.333333333,1,6,0,0,0,0,0,0,0,0,0,0,2,3,0,0,0,0,2.2442,30.674
sample_219,3.373263889,0.696759259,3.373263889,0.696759259,0.485589231,137.02,127.948,135.9887624,32,0.011445026,-0.089380671,0.089380671,0.011445026,1.8,2,2,1,5,0,0,0,0,0,0,0,0,0,0,1,1,0,0,0,0,2.1798,28.68
sample_220,5.462191358,0.356481481,5.462191358,0.356481481,0.434375602,92.569,83.497,92.03927797,32,0.030476536,-0.12332142,0.12332142,0.030476536,1.8,2,2,1,5,0,0,0,0,0,0,0,0,0,0,1,1,0,0,0,0,2.0237,25.606
sample_221,4.75,0.384259259,4.75,0.384259259,0.451276793,74.123,64.043,74.07316494,32,0.051459641,-0.382035216,0.382035216,0.051459641,1.4,1.6,1.6,1,5,0,1,0,0,0,0,0,0,1,0,1,1,0,0,0,0,1.0412,22.145
sample_222,8.08625,0.195,8.08625,0.195,0.469062812,90.122,80.042,90.06807956,38,0.043137008,-0.396375038,0.396375038,0.043137008,0.833333333,1.166666667,1.333333333,1,6,2,2,0,0,0,0,0,0,2,2,2,3,0,0,0,0,-0.2488,23.4056
sample_223,8.37962963,-0.592592593,8.37962963,0.592592593,0.465744149,90.122,80.042,90.06807956,38,0.076783694,-0.390738324,0.390738324,0.076783694,1,1.166666667,1.166666667,1,6,2,2,0,0,0,0,0,0,2,2,2,1,0,0,0,0,-0.252,23.3616
sample_224,5.291666667,0.384259259,5.291666667,0.384259259,0.486540067,73.139,62.051,73.08914935,32,0.000780537,-0.32799795,0.32799795,0.000780537,1.8,2,2,1,5,2,1,0,0,0,0,0,0,1,1,1,1,0,0,0,0,0.7436,23.9404
sample_225,5.354166667,0,5.354166667,0,0.449469808,73.139,62.051,73.08914935,32,0.006857357,-0.325816088,0.325816088,0.006857357,1.2,1.2,1.2,1,5,2,1,0,0,0,0,0,0,1,1,1,0,0,0,0,0,0.7436,23.9404
sample_226,7.947361111,0.71875,7.947361111,0.71875,0.465965109,83.134,74.062,83.07349929,34,0.062124328,-0.198347393,0.198347393,0.062124328,1.666666667,2.333333333,2.5,0.8,6,0,1,0,0,0,0,0,0,1,0,1,2,0,0,0,0,1.70018,25.138
sample_227,3.673611111,1.111111111,3.673611111,1.111111111,0.41363968,70.135,60.055,70.07825032,30,-0.03543505,-0.10015122,0.10015122,0.03543505,1.8,2,2,0.6,5,0,0,0,0,0,0,0,0,0,0,0,1,0,0,0,0,1.9725,25.105
sample_228,2.083333333,1.37962963,2.083333333,1.37962963,0.382123818,70.135,60.055,70.07825032,30,-0.04422297,-0.089013173,0.089013173,0.04422297,1.4,1.6,1.6,0.6,5,0,0,0,0,0,0,0,0,0,0,0,0,0,0,0,0,1.9725,25.105
sample_229,3.560185185,0.648148148,3.560185185,0.648148148,0.412737286,70.135,60.055,70.07825032,30,-0.029309968,-0.10282411,0.10282411,0.029309968,1.6,1.8,1.8,0.6,5,0,0,0,0,0,0,0,0,0,0,0,1,0,0,0,0,1.8284,25.035
sample_230,5.394182099,0.774691358,5.394182099,0.774691358,0.41661113,141.041,130.961,140.0159557,44,0.022296279,-0.126716964,0.126716964,0.022296279,0.714285714,1.142857143,1.428571429,1,7,0,0,0,0,0,0,0,0,0,0,2,4,0,0,0,0,2.6343,35.291
sample_231,10.14351852,0.212962963,10.14351852,0.212962963,0.468771093,86.134,76.054,86.07316494,36,0.131853462,-0.299739639,0.299739639,0.131853462,1.5,1.666666667,1.666666667,0.8,6,0,1,0,0,0,0,0,0,1,0,1,1,0,0,0,0,1.2314,25.519
sample_232,10.03194444,-0.212962963,10.03194444,0.025462963,0.460747983,102.133,92.053,102.0680796,42,0.3023791,-0.463155993,0.463155993,0.3023791,1.571428571,2,2,0.8,7,0,2,0,0,0,0,0,0,2,0,2,1,0,0,0,0,0.9579,26.902
sample_233,9.930324074,-0.706018519,9.930324074,0.180555556,0.566818917,102.133,92.053,102.0680796,42,0.305694553,-0.481034157,0.481034157,0.305694553,1.857142857,2.285714286,2.285714286,0.8,7,1,2,0,0,0,0,0,0,1,1,2,2,0,0,0,0,1.1171,27.0908
sample_234,9.647083333,-0.942731481,9.647083333,0.204861111,0.498767382,101.125,92.053,101.0608031,42,0.04138344,-0.550171862,0.550171862,0.04138344,1.714285714,2.285714286,2.428571429,0.8,7,0,2,0,0,0,0,0,0,2,0,2,3,0,0,0,0,-0.0735,24.532
sample_235,3.284722222,1.25,3.284722222,1.25,0.457636228,85.15,74.062,85.08914935,36,-0.00489114,-0.316732581,0.316732581,0.00489114,0.833333333,1.5,1.666666667,1,6,1,1,0,1,1,0,0,0,1,1,1,0,0,1,1,1,0.7599,26.7207
sample_236,8.402777778,0.097222222,8.402777778,0.097222222,0.468517338,88.15,76.054,88.088815,38,0.047898837,-0.395831217,0.395831217,0.047898837,1.333333333,1.5,1.5,1,6,1,1,0,0,0,0,0,0,1,1,1,0,0,0,0,0,1.0248,26.5408
sample_237,5.538981481,0.721348262,5.538981481,0.721348262,0.576904457,158.285,136.109,158.1670653,68,0.049116373,-0.380898616,0.380898616,0.049116373,0.909090909,1.272727273,1.545454545,1,11,0,1,0,0,0,0,0,0,1,0,1,6,0,0,0,0,3.0952,49.729
sample_238,4.899305556,0.435185185,4.899305556,0.435185185,0.495865892,88.15,76.054,88.088815,38,0.054015011,-0.381758854,0.381758854,0.054015011,1.666666667,2.166666667,2.166666667,1,6,0,1,0,0,0,0,0,0,1,0,1,2,0,0,0,0,1.4313,26.762
sample_239,4.9375,0.041666667,4.9375,0.041666667,0.43498738,88.15,76.054,88.088815,38,0.059425208,-0.379103597,0.379103597,0.059425208,1.166666667,1.333333333,1.333333333,1,6,0,1,0,0,0,0,0,0,1,0,1,0,0,0,0,0,1.4313,26.762
sample_240,4.803240741,0.675925926,4.803240741,0.675925926,0.493896567,88.15,76.054,88.088815,38,0.048471768,-0.384423923,0.384423923,0.048471768,1.5,2,2,1,6,0,1,0,0,0,0,0,0,1,0,1,2,0,0,0,0,1.2888,26.714
sample_241,5.214583333,0.855,5.214583333,0.855,0.513017738,87.166,74.062,87.10479942,38,-0.00772772,-0.330473505,0.330473505,0.00772772,1.333333333,2,2.166666667,1,6,2,1,0,0,0,0,0,0,1,1,1,3,0,0,0,0,1.1353,28.5794
sample_242,3.884259259,1.210648148,3.884259259,1.210648148,0.471998368,93.129,86.073,93.05784922,36,0.029653004,-0.264459387,0.264459387,0.029653004,1.571428571,2.428571429,2.714285714,0.166666667,7,0,1,0,0,0,0,1,1,1,0,1,0,0,0,0,1,1.39002,28.974
sample_243,2.180555556,1.232638889,2.180555556,1.232638889,0.416546486,80.13,72.066,80.06260026,32,-0.031275172,-0.084240196,0.084240196,0.031275172,0.833333333,1.333333333,1.5,0.333333333,6,0,0,1,0,1,0,0,0,0,0,0,0,0,0,0,1,1.8926,27.514
sample_244,2.162037037,1.166666667,2.162037037,1.166666667,0.416546486,80.13,72.066,80.06260026,32,-0.013534173,-0.080473077,0.080473077,0.013534173,1.666666667,2.5,2.666666667,0.333333333,6,0,0,1,0,1,0,0,0,0,0,0,0,0,0,0,1,1.8926,27.514
sample_245,3.655092593,1.064814815,3.655092593,1.064814815,0.42498877,82.146,72.066,82.07825032,34,-0.040121057,-0.095870095,0.095870095,0.040121057,1,1.166666667,1.166666667,0.333333333,6,0,0,0,0,0,0,0,0,0,0,0,1,0,0,0,0,2.1386,29.628
sample_246,3.550416667,1.059027778,3.550416667,1.059027778,0.361191602,82.146,72.066,82.07825032,34,-0.031876741,-0.103071831,0.103071831,0.031876741,1,1.333333333,1.5,0.333333333,6,0,0,0,0,0,0,0,0,0,0,0,3,0,0,0,0,2.1386,29.628
sample_247,8.042882653,0.73,8.042882653,0.73,0.494506228,97.161,86.073,97.08914935,40,0.062124508,-0.198347392,0.198347392,0.062124508,1.428571429,2.142857143,2.571428571,0.833333333,7,0,1,0,0,0,0,0,0,1,0,1,3,0,0,0,0,2.09028,29.755
sample_248,3.631944444,0.305555556,3.631944444,0.305555556,0.394652759,84.162,72.066,84.09390038,36,-0.020584523,-0.10255392,0.10255392,0.020584523,1.333333333,1.5,1.5,0.666666667,6,0,0,0,0,0,0,0,0,0,0,0,0,0,0,0,0,2.2185,29.652
sample_249,2.208333333,1.168981481,2.208333333,1.168981481,0.427711459,84.162,72.066,84.09390038,36,-0.037684641,-0.086163057,0.086163057,0.037684641,1.5,2,2,0.666666667,6,0,0,0,0,0,0,0,0,0,0,0,1,0,0,0,0,2.3626,29.722
sample_250,3.631435185,0.699074074,3.631435185,0.699074074,0.449886252,84.162,72.066,84.09390038,36,-0.026726309,-0.102813988,0.102813988,0.026726309,1.833333333,2.333333333,2.333333333,0.666666667,6,0,0,0,0,0,0,0,0,0,0,0,2,0,0,0,0,2.2185,29.652
sample_251,10.14351852,0.212962963,10.14351852,0.212962963,0.468771093,86.134,76.054,86.07316494,36,0.131853462,-0.299739639,0.299739639,0.131853462,1.5,1.666666667,1.666666667,0.8,6,0,1,0,0,0,0,0,0,1,0,1,1,0,0,0,0,1.2314,25.519
sample_252,9.679679705,0.743888889,9.679679705,0.743888889,0.388394177,100.161,88.065,100.088815,42,0.119490197,-0.303402908,0.303402908,0.119490197,1.428571429,2.142857143,2.571428571,0.833333333,7,0,1,0,0,0,0,0,0,1,0,1,4,0,0,0,0,1.7656,30.206
sample_253,10.41180556,0.377314815,10.41180556,0.377314815,0.527852924,100.161,88.065,100.088815,42,0.132126006,-0.299729471,0.299729471,0.132126006,1.428571429,2,2.142857143,0.833333333,7,0,1,0,0,0,0,0,0,1,0,1,3,0,0,0,0,1.7656,30.206
sample_254,10.19083333,-0.195046296,10.19083333,0.076388889,0.508859154,116.16,104.064,116.0837296,48,0.302389049,-0.46287245,0.46287245,0.302389049,1.75,2.25,2.375,0.833333333,8,0,2,0,0,0,0,0,0,2,0,2,2,0,0,0,0,1.348,31.519
sample_255,10.23715278,-0.327546296,10.23715278,0.224537037,0.446385432,116.16,104.064,116.0837296,48,0.302646116,-0.46015067,0.46015067,0.302646116,1.375,1.75,1.75,0.833333333,8,0,2,0,0,0,0,0,0,2,0,2,0,0,0,0,0,1.348,31.519
sample_256,10.52060185,-0.118055556,10.52060185,0.009212963,0.506664867,116.16,104.064,116.0837296,48,0.307851069,-0.465780805,0.465780805,0.307851069,1.625,2.125,2.25,0.833333333,8,0,2,0,0,0,0,0,0,2,0,2,2,0,0,0,0,1.2055,31.471
sample_257,10.34847222,-0.104768519,10.34847222,0.104768519,0.520098668,116.16,104.064,116.0837296,48,0.304996239,-0.465693581,0.465693581,0.304996239,1.5,2.125,2.5,0.833333333,8,0,2,0,0,0,0,0,0,2,0,2,3,0,0,0,0,1.3496,31.541
sample_258,5.073888889,0.861111111,5.073888889,0.861111111,0.491869888,102.177,88.065,102.1044651,44,0.046529105,-0.381739325,0.381739325,0.046529105,1.285714286,2,2.428571429,1,7,0,1,0,0,0,0,0,0,1,0,1,4,0,0,0,0,1.823,31.401
sample_259,8.526018519,0.354166667,8.526018519,0.354166667,0.570967752,102.177,88.065,102.1044651,44,0.045856075,-0.396088535,0.396088535,0.045856075,1.285714286,1.714285714,1.714285714,1,7,1,1,0,0,0,0,0,0,1,1,1,3,0,0,0,0,1.4149,31.1578
sample_260,8.292882653,0.361111111,8.292882653,0.361111111,0.533927882,102.177,88.065,102.1044651,44,0.043052406,-0.396376569,0.396376569,0.043052406,1.142857143,1.857142857,2.285714286,1,7,1,1,0,0,0,0,0,0,1,1,1,4,0,0,0,0,1.559,31.2278
sample_261,8.683472222,-0.097268519,8.683472222,0.097268519,0.572966484,102.177,88.065,102.1044651,44,0.051166509,-0.39341927,0.39341927,0.051166509,1.571428571,2.142857143,2.285714286,1,7,1,1,0,0,0,0,0,0,1,1,1,3,0,0,0,0,1.5574,31.2058
sample_262,8.46587963,0.341111111,8.46587963,0.341111111,0.570967752,102.177,88.065,102.1044651,44,0.045612317,-0.396099013,0.396099013,0.045612317,1.571428571,2.142857143,2.285714286,1,7,1,1,0,0,0,0,0,0,1,1,1,3,0,0,0,0,1.4149,31.1578
sample_263,8.722777778,-0.125,8.722777778,0.125,0.558630557,102.177,88.065,102.1044651,44,0.051410236,-0.393408743,0.393408743,0.051410236,1.285714286,1.714285714,1.714285714,1,7,1,1,0,0,0,0,0,0,1,1,1,2,0,0,0,0,1.4133,31.1358
sample_264,5.086805556,0.083333333,5.086805556,0.083333333,0.516454974,102.177,88.065,102.1044651,44,0.061968292,-0.378826817,0.378826817,0.061968292,1.428571429,1.857142857,1.857142857,1,7,0,1,0,0,0,0,0,0,1,0,1,2,0,0,0,0,1.8214,31.379
sample_265,8.303086735,0.283163265,8.303086735,0.283163265,0.516895098,118.176,104.064,118.0993797,50,0.043052419,-0.396376569,0.396376569,0.043052419,0.625,1,1.25,1,8,2,2,0,0,0,0,0,0,2,2,2,5,0,0,0,0,0.5314,32.6396
sample_266,5.269288549,0.861111111,5.269288549,0.861111111,0.533774088,101.193,86.073,101.1204495,44,-0.007727548,-0.330473504,0.330473504,0.007727548,1.142857143,1.857142857,2.285714286,1,7,2,1,0,0,0,0,0,0,1,1,1,4,0,0,0,0,1.5254,33.1964
sample_267,9.444444444,0.166666667,9.444444444,0.166666667,0.398236962,58.08,52.032,58.04186481,24,0.126267944,-0.300343903,0.300343903,0.126267944,1.5,1.5,1.5,0.666666667,4,0,1,0,0,0,0,0,0,1,0,1,0,0,0,0,0,0.5953,16.355
sample_268,8.055555556,-0.166666667,8.055555556,0.166666667,0.428404794,60.096,52.032,60.05751488,26,0.048347612,-0.393706902,0.393706902,0.048347612,1.5,1.5,1.5,1,4,1,1,0,0,0,0,0,0,1,1,1,0,0,0,0,0,0.3871,17.3548
sample_269,4.597222222,0.725694444,4.597222222,0.725694444,0.444722907,72.107,64.043,72.05751488,30,0.084435605,-0.502106752,0.502106752,0.084435605,2,2.6,2.6,0.5,5,0,1,0,0,0,0,0,0,1,0,1,2,0,0,0,0,1.1664,21.823
sample_270,2.125,1.138888889,2.125,1.138888889,0.401712908,66.103,60.055,66.04695019,26,-0.016293379,-0.080750362,0.080750362,0.016293379,1,1.6,1.8,0.2,5,0,0,1,0,1,0,0,0,0,0,0,0,0,0,0,1,1.5025,22.897
sample_271,9.457457483,0.481805556,9.457457483,0.481805556,0.390089319,102.133,92.053,102.0680796,42,0.292575518,-0.467901173,0.467901173,0.292575518,1.714285714,2.428571429,2.857142857,0.8,7,0,2,0,0,0,0,0,0,2,0,2,4,0,0,0,0,0.9595,26.924
sample_272,9.809722222,-0.712962963,9.809722222,0.275462963,0.566818917,102.133,92.053,102.0680796,42,0.30310055,-0.481223064,0.481223064,0.30310055,1.714285714,2.142857143,2.142857143,0.8,7,1,2,0,0,0,0,0,0,1,1,2,2,0,0,0,0,1.1171,27.0908
sample_273,10.09634637,-0.181990741,10.09634637,0.181990741,0.410684113,116.16,104.064,116.0837296,48,0.302122867,-0.465877874,0.465877874,0.302122867,1.625,2.25,2.625,0.833333333,8,0,2,0,0,0,0,0,0,2,0,2,3,0,0,0,0,1.3496,31.541
sample_274,3.347222222,1.25,3.347222222,1.25,0.480091881,99.177,86.073,99.10479942,42,-0.00489195,-0.316732594,0.316732594,0.00489195,0.714285714,1.285714286,1.857142857,1,7,1,1,0,1,1,0,0,0,1,1,1,0,0,1,1,1,1.15,31.3377
sample_275,8.756666667,0.329259259,8.756666667,0.329259259,0.535935436,108.14,100.076,108.0575149,42,0.115094489,-0.507966648,0.507966648,0.115094489,1.125,1.625,2,0.142857143,8,1,1,0,0,0,1,0,1,1,1,1,0,0,0,0,1,1.70062,32.8438
sample_276,5.426666667,0.829259259,5.426666667,0.829259259,0.500282,107.156,98.084,107.0734993,42,0.031367248,-0.398728565,0.398728565,0.031367248,1.125,1.625,2,0.142857143,8,2,1,0,0,0,1,0,1,1,1,1,0,0,0,0,1,1.57722,35.5914
sample_277,3.632491497,1.188333333,3.632491497,1.188333333,0.374401057,98.189,84.077,98.10955045,42,-0.035341466,-0.103082979,0.103082979,0.035341466,1.428571429,2.142857143,2.571428571,0.714285714,7,0,0,0,0,0,0,0,0,0,0,0,4,0,0,0,0,2.7527,34.339
sample_278,2.360277778,1.03587963,2.360277778,1.03587963,0.436569532,98.189,84.077,98.10955045,42,-0.044280076,-0.062509723,0.062509723,0.044280076,1,1.571428571,1.857142857,1,7,0,0,1,0,1,0,0,0,0,0,0,0,1,0,1,1,2.5866,32.249
sample_279,2.261574074,0.5,2.261574074,0.5,0.438773408,100.205,84.077,100.1252005,44,-0.035953642,-0.062273543,0.062273543,0.035953642,1,1.142857143,1.142857143,1,7,0,0,0,0,0,0,0,0,0,0,0,0,0,0,0,0,2.6885,34.293
sample_280,2.12037037,1.368055556,2.12037037,1.368055556,0.475757685,106.168,96.088,106.0782503,42,-0.039511492,-0.061985192,0.061985192,0.039511492,0.875,1.25,1.5,0.25,8,0,0,0,0,0,1,0,1,0,0,0,0,0,0,0,1,2.30344,35.916
sample_281,3.658320578,1.194444444,3.658320578,1.194444444,0.378358623,112.216,96.088,112.1252005,48,-0.035341294,-0.103082979,0.103082979,0.035341294,1.25,2,2.5,0.75,8,0,0,0,0,0,0,0,0,0,0,0,5,0,0,0,0,3.1428,38.956
sample_282,10.39484552,-0.241802721,10.39484552,0.241802721,0.600172929,150.177,140.097,150.0680796,58,0.30246072,-0.461003434,0.461003434,0.30246072,1.363636364,2,2.545454545,0.222222222,11,0,2,0,0,0,1,0,1,2,0,2,2,0,0,0,1,1.7497,41.912
sample_283,11.22463341,-0.55,11.22463341,0.210046296,0.664865161,194.186,184.106,194.0579088,74,0.338230175,-0.46539862,0.46539862,0.338230175,0.928571429,1.285714286,1.571428571,0.2,14,0,4,0,0,0,1,0,1,4,0,4,2,0,0,0,1,1.2598,49.121
sample_284,2.259259259,0.709444444,2.259259259,0.709444444,0.58232531,134.222,120.11,134.1095504,54,-0.019300892,-0.064809599,0.064809599,0.019300892,1.2,1.8,2.3,0.4,10,0,0,0,0,0,1,0,1,0,0,0,2,0,0,0,1,3.2001,45.148
sample_285,2.207175926,1.142851474,2.207175926,1.142851474,0.58312047,134.222,120.11,134.1095504,54,-0.030743748,-0.061294135,0.061294135,0.030743748,0.8,1.1,1.3,0.4,10,0,0,0,0,0,1,0,1,0,0,0,2,0,0,0,1,2.8114,45.198
sample_286,3.694651597,1.200520833,3.694651597,1.200520833,0.371151101,140.27,120.11,140.1565006,60,-0.035341293,-0.103082979,0.103082979,0.035341293,1,1.6,2.2,0.8,10,0,0,0,0,0,0,0,0,0,0,0,7,0,0,0,0,3.923,48.19
sample_287,8.507012641,0.37,8.507012641,0.37,0.53804028,158.285,136.109,158.1670653,68,0.043052407,-0.396376569,0.396376569,0.043052407,0.727272727,1.181818182,1.636363636,1,11,1,1,0,0,0,0,0,0,1,1,1,8,0,0,0,0,3.1194,49.6958
sample_288,2.236111111,0.644640967,2.236111111,0.644640967,0.61770292,162.276,144.132,162.1408506,66,-0.021882047,-0.058682261,0.058682261,0.021882047,0.666666667,0.916666667,1.083333333,0.5,12,0,0,0,0,0,1,0,1,0,0,0,2,0,0,0,1,3.9334,54.62
sample_289,2.240740741,0.483703704,2.240740741,0.483703704,0.661630458,182.266,168.154,182.1095504,70,0.006095365,-0.062248011,0.062248011,0.006095365,0.642857143,1,1.357142857,0.142857143,14,0,0,0,0,0,2,0,2,0,0,0,2,0,0,0,2,3.8384,60.401
sample_290,2.290220142,1.372777778,2.290220142,1.372777778,0.314904724,226.448,192.176,226.2660511,98,-0.053305973,-0.065382383,0.065382383,0.053305973,0.3125,0.5,0.6875,1,16,0,0,0,0,0,0,0,0,0,0,0,13,0,0,0,0,6.4876,75.986
sample_291,3.270833333,0.645833333,3.270833333,0.645833333,0.430471803,122.993,115.937,121.9731123,26,0.008875443,-0.089670319,0.089670319,0.008875443,1.5,1.5,1.5,1,4,0,0,0,0,0,0,0,0,0,0,1,0,0,0,0,0,1.7897,24.063
sample_292,5.530092593,-0.027777778,5.530092593,0.027777778,0.401279837,92.569,83.497,92.03927797,32,0.036211637,-0.120213327,0.120213327,0.036211637,1.2,1.2,1.2,1,5,0,0,0,0,0,0,0,0,0,0,1,0,0,0,0,0,2.0237,25.606
sample_293,3.845555556,1.259259259,3.845555556,1.259259259,0.471998368,93.129,86.073,93.05784922,36,0.026993005,-0.264716634,0.264716634,0.026993005,1.285714286,1.857142857,2.142857143,0.166666667,7,0,1,0,0,0,0,1,1,1,0,1,0,0,0,0,1,1.39002,28.974
sample_294,9.545786565,0.495694444,9.545786565,0.495694444,0.400061391,116.16,104.064,116.0837296,48,0.292575519,-0.467900988,0.467900988,0.292575519,1.5,2.25,2.75,0.833333333,8,0,2,0,0,0,0,0,0,2,0,2,5,0,0,0,0,1.3496,31.541
